aguR 	 0.001
algB 	 0.0
algD 	 0.0
algQ 	 1.0
algR 	 1.0
algU 	 0.0
algZ 	 0.0
amgR 	 0.001
ampR 	 0.001
amrZ 	 0.0
anr 	 0.0
antR 	 1.0
argR 	 1.0
armR 	 0.001
asrA 	 0.001
bauR 	 1.0
bexR 	 0.006
bfiS 	 0.0
brlR 	 1.0
cbrB 	 0.0
cdhR 	 0.0
cdpR 	 0.0
cifR 	 0.0
clpP 	 0.0
clpX 	 0.001
cmpX 	 0.0
cmrA 	 0.0
cpxR 	 0.0
cueR 	 0.0
cysB 	 1.0
czcR 	 1.0
dctR 	 0.001
ddaR 	 1.0
desT 	 0.0
dhcR 	 1.0
dnr 	 0.002
erbR 	 0.0
exsA 	 1.0
exsC 	 1.0
exsD 	 1.0
exsE 	 1.0
fecI 	 0.0
fhpR 	 0.001
finR 	 0.0
fleN 	 0.001
fleQ 	 1.0
flgM 	 0.007
fliA 	 0.001
fliC 	 0.0
foxI 	 0.0
foxR 	 0.001
fpvI 	 0.021
fpvR 	 0.001
fruR 	 0.0
fur 	 0.0
gacA 	 0.0
gacS 	 0.001
gbdR 	 0.001
gbuR 	 0.0
gcsR 	 0.001
glcC 	 0.0
glpR 	 0.001
gltR 	 0.001
gntR 	 0.0
gpuR 	 1.0
hexR 	 1.0
hfq 	 0.001
himA 	 1.0
hmgR 	 0.0
hsbA 	 0.0
hupB 	 1.0
hutC 	 0.0
iscR 	 1.0
kynR 	 1.0
lasI 	 0.011
lasR 	 0.002
lexA 	 0.0
liuR 	 1.0
lon 	 0.001
metR 	 0.0
mexR 	 0.003
mexT 	 1.0
mgtE 	 1.0
mifR 	 0.0
mmnR 	 0.0
mmsR 	 0.0
mucA 	 0.0
mucB 	 0.0
mucC 	 0.0
mucD 	 0.0
mvaT 	 1.0
mvaU 	 0.003
mvfR 	 0.0
nalC 	 0.001
nalD 	 0.0
narL 	 0.002
nfxB 	 0.0
np20 	 0.0
ntrC 	 0.001
PA0120 	 0.0
PA0149 	 0.0
PA0167 	 0.001
PA0547 	 0.0
PA0797 	 1.0
PA1050 	 1.0
PA1269 	 1.0
PA1504 	 1.0
PA1520 	 0.0
PA1539 	 0.0
PA2050 	 0.001
PA2299 	 0.0
PA2384 	 0.001
PA3249 	 0.001
PA3757 	 0.0
PA4132 	 0.001
PA4659 	 0.0
PA4769 	 0.0
PA4916 	 0.0
PA5438 	 0.0
PA5506 	 0.0
pchR 	 0.0
pfeR 	 0.001
phhR 	 0.0
phoP 	 1.0
phoQ 	 1.0
pilR 	 1.0
pmrA 	 1.0
pmrB 	 1.0
pprB 	 0.0
ppyR 	 0.0
pqrR 	 1.0
psdR 	 1.0
PSPA7_RS29685 	 0.0
psrA 	 0.0
ptxR 	 0.0
ptxS 	 0.001
pvdS 	 0.013
pyeR 	 1.0
qscR 	 0.0
rbsR 	 1.0
recA 	 0.0
rhlR 	 0.002
rocA1 	 0.002
roxR 	 1.0
roxS 	 0.0
rpoD 	 1.0
rpoH 	 0.0
rpoN 	 0.0
rpoS 	 0.001
rsaL 	 0.003
rsmA 	 0.003
sbrI 	 0.005
sbrR 	 0.0
sdsB1 	 1.0
sigX 	 0.0
soxR 	 1.0
sphR 	 0.004
toxR 	 0.001
tpbA 	 0.0
trpI 	 0.0
vfr 	 0.012
vqsM 	 1.0
vqsR 	 0.001
vreI 	 0.0
