aguR 	 0.001
algB 	 0.0
algD 	 0.001
algQ 	 0.002
algR 	 1.0
algU 	 1.0
algZ 	 1.0
amgR 	 0.002
ampR 	 0.001
amrZ 	 0.0
anr 	 0.005
antR 	 1.0
argR 	 1.0
armR 	 0.002
asrA 	 0.002
bauR 	 1.0
bexR 	 0.002
bfiS 	 0.003
brlR 	 1.0
cbrB 	 0.002
cdhR 	 0.0
cdpR 	 0.0
cifR 	 0.0
clpP 	 0.004
clpX 	 1.0
cmpX 	 0.001
cmrA 	 1.0
cpxR 	 1.0
cueR 	 0.004
cysB 	 1.0
czcR 	 0.0
dctR 	 1.0
ddaR 	 0.002
desT 	 0.002
dhcR 	 1.0
dnr 	 0.001
erbR 	 1.0
exsA 	 1.0
exsC 	 1.0
exsD 	 1.0
exsE 	 1.0
fecI 	 0.002
fhpR 	 0.002
finR 	 0.0
fleN 	 0.002
fleQ 	 1.0
flgM 	 0.0
fliA 	 0.001
fliC 	 0.0
foxI 	 1.0
foxR 	 1.0
fpvI 	 0.001
fpvR 	 1.0
fruR 	 0.0
fur 	 1.0
gacA 	 0.003
gacS 	 1.0
gbdR 	 0.0
gbuR 	 1.0
gcsR 	 0.002
glcC 	 0.0
glpR 	 1.0
gltR 	 1.0
gntR 	 0.0
gpuR 	 1.0
hexR 	 1.0
hfq 	 1.0
himA 	 1.0
hmgR 	 0.0
hsbA 	 1.0
hupB 	 1.0
hutC 	 0.0
iscR 	 1.0
kynR 	 1.0
lasI 	 0.019
lasR 	 0.003
lexA 	 0.0
liuR 	 1.0
lon 	 1.0
metR 	 0.0
mexR 	 0.004
mexT 	 1.0
mgtE 	 1.0
mifR 	 0.002
mmnR 	 0.0
mmsR 	 0.002
mucA 	 1.0
mucB 	 0.0
mucC 	 1.0
mucD 	 1.0
mvaT 	 1.0
mvaU 	 0.0
mvfR 	 0.0
nalC 	 0.002
nalD 	 1.0
narL 	 0.002
nfxB 	 0.0
np20 	 0.0
ntrC 	 0.003
PA0120 	 0.0
PA0149 	 0.001
PA0167 	 0.0
PA0547 	 0.0
PA0797 	 1.0
PA1050 	 1.0
PA1269 	 1.0
PA1504 	 1.0
PA1520 	 0.0
PA1539 	 0.0
PA2050 	 0.001
PA2299 	 0.0
PA2384 	 0.003
PA3249 	 0.002
PA3757 	 0.0
PA4132 	 0.004
PA4659 	 0.0
PA4769 	 0.0
PA4916 	 0.0
PA5438 	 0.0
PA5506 	 0.002
pchR 	 0.003
pfeR 	 1.0
phhR 	 0.0
phoP 	 1.0
phoQ 	 1.0
pilR 	 1.0
pmrA 	 1.0
pmrB 	 1.0
pprB 	 0.008
ppyR 	 0.002
pqrR 	 1.0
psdR 	 1.0
PSPA7_RS29685 	 0.002
psrA 	 0.001
ptxR 	 0.003
ptxS 	 0.002
pvdS 	 1.0
pyeR 	 1.0
qscR 	 0.002
rbsR 	 1.0
recA 	 0.0
rhlR 	 0.003
rocA1 	 0.001
roxR 	 1.0
roxS 	 0.005
rpoD 	 1.0
rpoH 	 1.0
rpoN 	 0.001
rpoS 	 1.0
rsaL 	 0.0
rsmA 	 0.0
sbrI 	 0.0
sbrR 	 0.002
sdsB1 	 1.0
sigX 	 0.0
soxR 	 1.0
sphR 	 0.001
toxR 	 0.14
tpbA 	 0.004
trpI 	 0.0
vfr 	 0.139
vqsM 	 1.0
vqsR 	 0.004
vreI 	 0.005
