aguR 	 0.009
algB 	 0.009
algD 	 0.001
algQ 	 1.0
algR 	 1.0
algU 	 1.0
algZ 	 0.003
amgR 	 0.002
ampR 	 0.001
amrZ 	 0.0
anr 	 0.001
antR 	 1.0
argR 	 1.0
armR 	 0.002
asrA 	 0.002
bauR 	 1.0
bexR 	 0.009
bfiS 	 0.002
brlR 	 1.0
cbrB 	 0.002
cdhR 	 0.0
cdpR 	 0.001
cifR 	 0.0
clpP 	 0.0
clpX 	 1.0
cmpX 	 0.001
cmrA 	 1.0
cpxR 	 1.0
cueR 	 0.0
cysB 	 1.0
czcR 	 0.0
dctR 	 1.0
ddaR 	 1.0
desT 	 0.0
dhcR 	 1.0
dnr 	 0.004
erbR 	 1.0
exsA 	 1.0
exsC 	 1.0
exsD 	 1.0
exsE 	 1.0
fecI 	 0.001
fhpR 	 0.002
finR 	 0.0
fleN 	 0.002
fleQ 	 1.0
flgM 	 0.002
fliA 	 0.001
fliC 	 0.001
foxI 	 1.0
foxR 	 1.0
fpvI 	 0.0
fpvR 	 1.0
fruR 	 0.0
fur 	 1.0
gacA 	 0.002
gacS 	 0.003
gbdR 	 1.0
gbuR 	 1.0
gcsR 	 0.002
glcC 	 0.0
glpR 	 1.0
gltR 	 1.0
gntR 	 0.0
gpuR 	 1.0
hexR 	 1.0
hfq 	 1.0
himA 	 1.0
hmgR 	 0.0
hsbA 	 1.0
hupB 	 1.0
hutC 	 0.0
iscR 	 1.0
kynR 	 1.0
lasI 	 0.0
lasR 	 0.0
lexA 	 0.0
liuR 	 1.0
lon 	 1.0
metR 	 0.0
mexR 	 0.0
mexT 	 1.0
mgtE 	 1.0
mifR 	 0.002
mmnR 	 0.0
mmsR 	 0.0
mucA 	 1.0
mucB 	 0.002
mucC 	 1.0
mucD 	 1.0
mvaT 	 1.0
mvaU 	 0.001
mvfR 	 0.0
nalC 	 0.005
nalD 	 1.0
narL 	 0.0
nfxB 	 0.0
np20 	 0.0
ntrC 	 0.002
PA0120 	 0.0
PA0149 	 0.002
PA0167 	 0.002
PA0547 	 0.0
PA0797 	 1.0
PA1050 	 1.0
PA1269 	 1.0
PA1504 	 1.0
PA1520 	 0.0
PA1539 	 0.0
PA2050 	 0.0
PA2299 	 0.0
PA2384 	 0.003
PA3249 	 0.002
PA3757 	 0.0
PA4132 	 0.0
PA4659 	 0.0
PA4769 	 0.0
PA4916 	 0.0
PA5438 	 0.0
PA5506 	 0.002
pchR 	 0.002
pfeR 	 1.0
phhR 	 0.0
phoP 	 1.0
phoQ 	 1.0
pilR 	 1.0
pmrA 	 1.0
pmrB 	 1.0
pprB 	 0.003
ppyR 	 0.002
pqrR 	 1.0
psdR 	 1.0
PSPA7_RS29685 	 0.001
psrA 	 0.0
ptxR 	 0.0
ptxS 	 0.007
pvdS 	 0.003
pyeR 	 1.0
qscR 	 0.0
rbsR 	 1.0
recA 	 0.0
rhlR 	 1.0
rocA1 	 0.001
roxR 	 1.0
roxS 	 0.003
rpoD 	 1.0
rpoH 	 1.0
rpoN 	 0.001
rpoS 	 1.0
rsaL 	 0.001
rsmA 	 0.0
sbrI 	 0.002
sbrR 	 0.002
sdsB1 	 1.0
sigX 	 0.0
soxR 	 1.0
sphR 	 0.013
toxR 	 0.003
tpbA 	 0.0
trpI 	 0.0
vfr 	 0.002
vqsM 	 1.0
vqsR 	 0.0
vreI 	 0.0
