aguR 	 0.0
algB 	 0.0
algD 	 0.0
algQ 	 0.0
algR 	 1.0
algU 	 1.0
algZ 	 0.001
amgR 	 0.002
ampR 	 0.0
amrZ 	 0.0
anr 	 0.001
antR 	 1.0
argR 	 1.0
armR 	 0.002
asrA 	 0.002
bauR 	 1.0
bexR 	 0.003
bfiS 	 0.011
brlR 	 1.0
cbrB 	 0.005
cdhR 	 0.0
cdpR 	 0.0
cifR 	 0.0
clpP 	 0.006
clpX 	 1.0
cmpX 	 0.001
cmrA 	 0.001
cpxR 	 1.0
cueR 	 0.006
cysB 	 1.0
czcR 	 1.0
dctR 	 0.002
ddaR 	 1.0
desT 	 0.001
dhcR 	 1.0
dnr 	 0.005
erbR 	 0.0
exsA 	 0.0
exsC 	 0.017
exsD 	 0.001
exsE 	 0.016
fecI 	 0.01
fhpR 	 0.002
finR 	 0.0
fleN 	 0.002
fleQ 	 1.0
flgM 	 0.002
fliA 	 0.001
fliC 	 0.001
foxI 	 0.002
foxR 	 0.0
fpvI 	 0.13
fpvR 	 0.0
fruR 	 0.0
fur 	 0.001
gacA 	 0.0
gacS 	 0.012
gbdR 	 0.0
gbuR 	 0.0
gcsR 	 0.002
glcC 	 0.0
glpR 	 0.0
gltR 	 0.001
gntR 	 0.0
gpuR 	 1.0
hexR 	 1.0
hfq 	 1.0
himA 	 1.0
hmgR 	 0.0
hsbA 	 0.001
hupB 	 1.0
hutC 	 0.001
iscR 	 1.0
kynR 	 1.0
lasI 	 0.0
lasR 	 0.005
lexA 	 0.0
liuR 	 1.0
lon 	 1.0
metR 	 0.0
mexR 	 0.023
mexT 	 1.0
mgtE 	 1.0
mifR 	 0.002
mmnR 	 0.0
mmsR 	 0.0
mucA 	 1.0
mucB 	 0.002
mucC 	 1.0
mucD 	 1.0
mvaT 	 1.0
mvaU 	 0.002
mvfR 	 0.0
nalC 	 0.002
nalD 	 1.0
narL 	 0.001
nfxB 	 0.0
np20 	 0.0
ntrC 	 0.003
PA0120 	 0.0
PA0149 	 0.003
PA0167 	 0.002
PA0547 	 0.0
PA0797 	 1.0
PA1050 	 1.0
PA1269 	 1.0
PA1504 	 1.0
PA1520 	 0.0
PA1539 	 0.0
PA2050 	 0.0
PA2299 	 0.0
PA2384 	 0.001
PA3249 	 0.002
PA3757 	 0.0
PA4132 	 0.0
PA4659 	 0.0
PA4769 	 0.0
PA4916 	 0.0
PA5438 	 0.0
PA5506 	 0.005
pchR 	 0.011
pfeR 	 0.0
phhR 	 0.0
phoP 	 1.0
phoQ 	 1.0
pilR 	 1.0
pmrA 	 1.0
pmrB 	 1.0
pprB 	 1.0
ppyR 	 0.002
pqrR 	 1.0
psdR 	 1.0
PSPA7_RS29685 	 0.0
psrA 	 0.001
ptxR 	 0.002
ptxS 	 0.0
pvdS 	 0.011
pyeR 	 1.0
qscR 	 0.001
rbsR 	 1.0
recA 	 0.002
rhlR 	 0.005
rocA1 	 0.002
roxR 	 1.0
roxS 	 0.003
rpoD 	 1.0
rpoH 	 1.0
rpoN 	 0.001
rpoS 	 0.0
rsaL 	 0.0
rsmA 	 0.003
sbrI 	 0.0
sbrR 	 0.002
sdsB1 	 1.0
sigX 	 0.0
soxR 	 1.0
sphR 	 0.002
toxR 	 0.0
tpbA 	 0.0
trpI 	 0.0
vfr 	 0.02
vqsM 	 1.0
vqsR 	 1.0
vreI 	 0.002
