aguR 	 0.001
algB 	 0.002
algD 	 0.0
algQ 	 1.0
algR 	 1.0
algU 	 0.027
algZ 	 1.0
amgR 	 0.0
ampR 	 0.001
amrZ 	 0.0
anr 	 0.0
antR 	 1.0
argR 	 1.0
armR 	 0.0
asrA 	 0.0
bauR 	 1.0
bexR 	 0.002
bfiS 	 0.002
brlR 	 1.0
cbrB 	 0.0
cdhR 	 0.0
cdpR 	 0.003
cifR 	 0.0
clpP 	 0.003
clpX 	 0.029
cmpX 	 0.001
cmrA 	 0.0
cpxR 	 0.028
cueR 	 0.003
cysB 	 1.0
czcR 	 1.0
dctR 	 0.0
ddaR 	 0.001
desT 	 0.002
dhcR 	 1.0
dnr 	 0.0
erbR 	 0.0
exsA 	 0.002
exsC 	 0.003
exsD 	 0.001
exsE 	 0.002
fecI 	 0.001
fhpR 	 0.002
finR 	 0.0
fleN 	 0.0
fleQ 	 1.0
flgM 	 0.001
fliA 	 0.002
fliC 	 0.002
foxI 	 0.001
foxR 	 0.001
fpvI 	 0.004
fpvR 	 0.001
fruR 	 0.0
fur 	 0.0
gacA 	 0.003
gacS 	 0.0
gbdR 	 1.0
gbuR 	 0.001
gcsR 	 0.0
glcC 	 0.0
glpR 	 0.002
gltR 	 0.005
gntR 	 0.0
gpuR 	 1.0
hexR 	 1.0
hfq 	 0.029
himA 	 1.0
hmgR 	 0.0
hsbA 	 0.0
hupB 	 1.0
hutC 	 0.0
iscR 	 1.0
kynR 	 1.0
lasI 	 1.0
lasR 	 0.002
lexA 	 0.0
liuR 	 1.0
lon 	 0.029
metR 	 0.0
mexR 	 0.004
mexT 	 1.0
mgtE 	 1.0
mifR 	 0.0
mmnR 	 0.0
mmsR 	 0.001
mucA 	 0.028
mucB 	 0.003
mucC 	 0.028
mucD 	 0.028
mvaT 	 1.0
mvaU 	 0.0
mvfR 	 0.0
nalC 	 0.0
nalD 	 0.028
narL 	 0.0
nfxB 	 0.0
np20 	 0.0
ntrC 	 0.002
PA0120 	 0.0
PA0149 	 0.0
PA0167 	 0.0
PA0547 	 0.0
PA0797 	 1.0
PA1050 	 1.0
PA1269 	 1.0
PA1504 	 1.0
PA1520 	 0.0
PA1539 	 0.0
PA2050 	 0.0
PA2299 	 0.0
PA2384 	 0.0
PA3249 	 0.0
PA3757 	 0.0
PA4132 	 0.002
PA4659 	 0.0
PA4769 	 0.0
PA4916 	 0.0
PA5438 	 0.0
PA5506 	 0.0
pchR 	 0.004
pfeR 	 0.001
phhR 	 0.0
phoP 	 1.0
phoQ 	 1.0
pilR 	 1.0
pmrA 	 1.0
pmrB 	 1.0
pprB 	 0.0
ppyR 	 0.0
pqrR 	 1.0
psdR 	 1.0
PSPA7_RS29685 	 0.001
psrA 	 0.0
ptxR 	 0.0
ptxS 	 0.002
pvdS 	 1.0
pyeR 	 1.0
qscR 	 0.001
rbsR 	 1.0
recA 	 0.0
rhlR 	 0.0
rocA1 	 0.002
roxR 	 1.0
roxS 	 0.001
rpoD 	 1.0
rpoH 	 0.028
rpoN 	 0.001
rpoS 	 0.0
rsaL 	 0.0
rsmA 	 0.005
sbrI 	 0.001
sbrR 	 0.0
sdsB1 	 1.0
sigX 	 0.0
soxR 	 1.0
sphR 	 0.0
toxR 	 0.001
tpbA 	 0.003
trpI 	 0.0
vfr 	 0.028
vqsM 	 1.0
vqsR 	 0.0
vreI 	 0.001
