aguR 	 0.0
algB 	 0.003
algD 	 0.007
algQ 	 1.0
algR 	 1.0
algU 	 0.054
algZ 	 1.0
amgR 	 0.0
ampR 	 0.002
amrZ 	 0.001
anr 	 0.001
antR 	 1.0
argR 	 1.0
armR 	 0.0
asrA 	 0.0
bauR 	 1.0
bexR 	 0.001
bfiS 	 0.001
brlR 	 1.0
cbrB 	 0.002
cdhR 	 0.0
cdpR 	 0.004
cifR 	 0.0
clpP 	 0.004
clpX 	 0.056
cmpX 	 0.003
cmrA 	 1.0
cpxR 	 0.055
cueR 	 0.004
cysB 	 1.0
czcR 	 1.0
dctR 	 1.0
ddaR 	 0.001
desT 	 0.0
dhcR 	 1.0
dnr 	 0.0
erbR 	 1.0
exsA 	 0.004
exsC 	 0.007
exsD 	 0.003
exsE 	 0.006
fecI 	 0.0
fhpR 	 0.0
finR 	 0.0
fleN 	 0.0
fleQ 	 1.0
flgM 	 0.001
fliA 	 0.0
fliC 	 0.002
foxI 	 1.0
foxR 	 1.0
fpvI 	 0.0
fpvR 	 1.0
fruR 	 0.0
fur 	 1.0
gacA 	 0.0
gacS 	 0.002
gbdR 	 1.0
gbuR 	 1.0
gcsR 	 0.0
glcC 	 0.0
glpR 	 1.0
gltR 	 1.0
gntR 	 0.0
gpuR 	 1.0
hexR 	 1.0
hfq 	 0.056
himA 	 1.0
hmgR 	 0.0
hsbA 	 1.0
hupB 	 1.0
hutC 	 0.0
iscR 	 1.0
kynR 	 1.0
lasI 	 1.0
lasR 	 0.003
lexA 	 0.0
liuR 	 1.0
lon 	 0.056
metR 	 0.0
mexR 	 0.006
mexT 	 1.0
mgtE 	 1.0
mifR 	 0.0
mmnR 	 0.0
mmsR 	 0.0
mucA 	 0.055
mucB 	 0.001
mucC 	 0.055
mucD 	 0.055
mvaT 	 1.0
mvaU 	 0.001
mvfR 	 0.001
nalC 	 0.0
nalD 	 0.055
narL 	 0.001
nfxB 	 0.0
np20 	 0.0
ntrC 	 0.0
PA0120 	 0.0
PA0149 	 0.001
PA0167 	 0.0
PA0547 	 0.0
PA0797 	 1.0
PA1050 	 1.0
PA1269 	 1.0
PA1504 	 1.0
PA1520 	 0.0
PA1539 	 0.0
PA2050 	 0.0
PA2299 	 0.0
PA2384 	 0.001
PA3249 	 0.0
PA3757 	 0.0
PA4132 	 0.001
PA4659 	 0.0
PA4769 	 0.0
PA4916 	 0.0
PA5438 	 0.0
PA5506 	 0.0
pchR 	 0.0
pfeR 	 1.0
phhR 	 0.0
phoP 	 1.0
phoQ 	 1.0
pilR 	 1.0
pmrA 	 1.0
pmrB 	 1.0
pprB 	 0.0
ppyR 	 0.0
pqrR 	 1.0
psdR 	 1.0
PSPA7_RS29685 	 0.0
psrA 	 0.0
ptxR 	 0.0
ptxS 	 0.0
pvdS 	 1.0
pyeR 	 1.0
qscR 	 0.002
rbsR 	 1.0
recA 	 0.002
rhlR 	 0.0
rocA1 	 0.003
roxR 	 1.0
roxS 	 0.009
rpoD 	 1.0
rpoH 	 0.055
rpoN 	 0.001
rpoS 	 1.0
rsaL 	 0.003
rsmA 	 0.0
sbrI 	 0.0
sbrR 	 0.0
sdsB1 	 1.0
sigX 	 0.002
soxR 	 1.0
sphR 	 0.001
toxR 	 0.094
tpbA 	 0.004
trpI 	 0.0
vfr 	 0.093
vqsM 	 1.0
vqsR 	 0.0
vreI 	 0.001
