aguR 	 0.002
algB 	 0.0
algD 	 0.002
algQ 	 1.0
algR 	 1.0
algU 	 0.005
algZ 	 0.0
amgR 	 0.0
ampR 	 0.0
amrZ 	 0.0
anr 	 0.003
antR 	 1.0
argR 	 1.0
armR 	 0.0
asrA 	 0.0
bauR 	 1.0
bexR 	 0.002
bfiS 	 0.004
brlR 	 1.0
cbrB 	 0.007
cdhR 	 0.0
cdpR 	 0.001
cifR 	 0.0
clpP 	 0.001
clpX 	 0.007
cmpX 	 0.003
cmrA 	 0.0
cpxR 	 0.006
cueR 	 0.001
cysB 	 1.0
czcR 	 0.0
dctR 	 0.0
ddaR 	 1.0
desT 	 0.0
dhcR 	 1.0
dnr 	 0.003
erbR 	 0.001
exsA 	 1.0
exsC 	 1.0
exsD 	 1.0
exsE 	 1.0
fecI 	 0.003
fhpR 	 0.004
finR 	 0.0
fleN 	 0.0
fleQ 	 1.0
flgM 	 0.001
fliA 	 0.0
fliC 	 0.001
foxI 	 0.001
foxR 	 0.0
fpvI 	 0.014
fpvR 	 0.0
fruR 	 0.0
fur 	 0.0
gacA 	 0.0
gacS 	 0.005
gbdR 	 0.0
gbuR 	 0.0
gcsR 	 0.0
glcC 	 0.0
glpR 	 0.0
gltR 	 0.0
gntR 	 0.0
gpuR 	 1.0
hexR 	 1.0
hfq 	 0.007
himA 	 1.0
hmgR 	 0.0
hsbA 	 0.0
hupB 	 1.0
hutC 	 0.0
iscR 	 1.0
kynR 	 1.0
lasI 	 0.007
lasR 	 0.0
lexA 	 0.0
liuR 	 1.0
lon 	 0.007
metR 	 0.0
mexR 	 0.001
mexT 	 1.0
mgtE 	 1.0
mifR 	 0.0
mmnR 	 0.0
mmsR 	 0.0
mucA 	 0.006
mucB 	 0.001
mucC 	 0.006
mucD 	 0.006
mvaT 	 1.0
mvaU 	 0.001
mvfR 	 0.0
nalC 	 0.0
nalD 	 0.006
narL 	 0.003
nfxB 	 0.0
np20 	 0.0
ntrC 	 0.004
PA0120 	 0.0
PA0149 	 0.003
PA0167 	 0.0
PA0547 	 0.0
PA0797 	 1.0
PA1050 	 1.0
PA1269 	 1.0
PA1504 	 1.0
PA1520 	 0.0
PA1539 	 0.0
PA2050 	 0.0
PA2299 	 0.0
PA2384 	 0.0
PA3249 	 0.0
PA3757 	 0.0
PA4132 	 0.0
PA4659 	 0.0
PA4769 	 0.0
PA4916 	 0.0
PA5438 	 0.0
PA5506 	 0.004
pchR 	 0.04
pfeR 	 0.0
phhR 	 0.0
phoP 	 1.0
phoQ 	 1.0
pilR 	 1.0
pmrA 	 1.0
pmrB 	 1.0
pprB 	 0.001
ppyR 	 0.0
pqrR 	 1.0
psdR 	 1.0
PSPA7_RS29685 	 0.0
psrA 	 0.0
ptxR 	 0.0
ptxS 	 0.0
pvdS 	 0.014
pyeR 	 1.0
qscR 	 0.0
rbsR 	 1.0
recA 	 0.003
rhlR 	 1.0
rocA1 	 0.001
roxR 	 1.0
roxS 	 0.0
rpoD 	 1.0
rpoH 	 0.006
rpoN 	 0.003
rpoS 	 0.0
rsaL 	 0.001
rsmA 	 0.004
sbrI 	 0.001
sbrR 	 0.0
sdsB1 	 1.0
sigX 	 0.002
soxR 	 1.0
sphR 	 0.009
toxR 	 0.0
tpbA 	 0.0
trpI 	 0.0
vfr 	 0.028
vqsM 	 1.0
vqsR 	 0.001
vreI 	 0.0
