aguR 	 0.0
algB 	 0.0
algD 	 0.0
algQ 	 1.0
algR 	 1.0
algU 	 0.015
algZ 	 1.0
amgR 	 0.004
ampR 	 0.0
amrZ 	 0.003
anr 	 0.002
antR 	 1.0
argR 	 1.0
armR 	 0.003
asrA 	 0.004
bauR 	 1.0
bexR 	 0.006
bfiS 	 0.005
brlR 	 1.0
cbrB 	 0.0
cdhR 	 0.0
cdpR 	 0.001
cifR 	 0.0
clpP 	 0.001
clpX 	 0.017
cmpX 	 0.004
cmrA 	 0.0
cpxR 	 0.016
cueR 	 0.001
cysB 	 1.0
czcR 	 1.0
dctR 	 0.004
ddaR 	 0.002
desT 	 0.003
dhcR 	 1.0
dnr 	 0.002
erbR 	 0.004
exsA 	 0.005
exsC 	 0.025
exsD 	 0.004
exsE 	 0.024
fecI 	 0.004
fhpR 	 0.005
finR 	 0.0
fleN 	 0.004
fleQ 	 1.0
flgM 	 0.002
fliA 	 0.0
fliC 	 0.003
foxI 	 0.006
foxR 	 0.001
fpvI 	 0.002
fpvR 	 0.001
fruR 	 0.0
fur 	 0.0
gacA 	 0.0
gacS 	 0.006
gbdR 	 1.0
gbuR 	 0.002
gcsR 	 0.004
glcC 	 0.0
glpR 	 0.003
gltR 	 0.001
gntR 	 0.0
gpuR 	 1.0
hexR 	 1.0
hfq 	 0.017
himA 	 1.0
hmgR 	 0.0
hsbA 	 0.0
hupB 	 1.0
hutC 	 0.002
iscR 	 1.0
kynR 	 1.0
lasI 	 1.0
lasR 	 0.0
lexA 	 0.0
liuR 	 1.0
lon 	 0.017
metR 	 0.0
mexR 	 0.001
mexT 	 1.0
mgtE 	 1.0
mifR 	 0.004
mmnR 	 0.0
mmsR 	 0.001
mucA 	 0.016
mucB 	 0.001
mucC 	 0.016
mucD 	 0.016
mvaT 	 1.0
mvaU 	 0.0
mvfR 	 0.001
nalC 	 0.002
nalD 	 0.016
narL 	 0.0
nfxB 	 0.0
np20 	 0.0
ntrC 	 0.0
PA0120 	 0.0
PA0149 	 0.001
PA0167 	 0.0
PA0547 	 0.0
PA0797 	 1.0
PA1050 	 1.0
PA1269 	 1.0
PA1504 	 1.0
PA1520 	 0.0
PA1539 	 0.0
PA2050 	 0.0
PA2299 	 0.0
PA2384 	 0.008
PA3249 	 0.0
PA3757 	 0.0
PA4132 	 0.0
PA4659 	 0.0
PA4769 	 0.0
PA4916 	 0.0
PA5438 	 0.0
PA5506 	 0.001
pchR 	 0.039
pfeR 	 0.001
phhR 	 0.0
phoP 	 1.0
phoQ 	 1.0
pilR 	 1.0
pmrA 	 1.0
pmrB 	 1.0
pprB 	 0.001
ppyR 	 0.004
pqrR 	 1.0
psdR 	 1.0
PSPA7_RS29685 	 0.001
psrA 	 0.0
ptxR 	 0.002
ptxS 	 0.001
pvdS 	 1.0
pyeR 	 1.0
qscR 	 0.0
rbsR 	 1.0
recA 	 0.006
rhlR 	 0.0
rocA1 	 0.0
roxR 	 1.0
roxS 	 0.0
rpoD 	 1.0
rpoH 	 0.016
rpoN 	 0.003
rpoS 	 0.001
rsaL 	 0.001
rsmA 	 0.002
sbrI 	 0.005
sbrR 	 0.004
sdsB1 	 1.0
sigX 	 0.003
soxR 	 1.0
sphR 	 0.002
toxR 	 0.001
tpbA 	 0.001
trpI 	 0.0
vfr 	 0.016
vqsM 	 1.0
vqsR 	 0.001
vreI 	 0.0
